<?xml version="1.0" encoding="utf-8"?><!DOCTYPE template [

<!ELEMENT template (farm*)>
  <!ELEMENT farm (goods_type, farm_name, farm_logo?, farm_picture, owner, details, phone, delivery, goods+)>
     
  <!ELEMENT goods_type (#PCDATA)>
  <!ENTITY v "Vegetables">
  <!ENTITY f "Fruit">
  <!ENTITY n "Nuts">
  <!ENTITY g "Grains">
  <!ENTITY d "Dried Fruit">
  <!ENTITY s "Seeds">
  <!ELEMENT farm_name (#PCDATA)>
  <!ELEMENT farm_logo (#PCDATA)>
  <!ATTLIST farm_logo logo_height CDATA #FIXED "150">
  <!ATTLIST farm_logo logo_width CDATA #FIXED "150">
  <!ELEMENT farm_picture (#PCDATA)>
  <!ATTLIST farm_picture farm_height CDATA #FIXED "288">
  <!ATTLIST farm_picture farm_width CDATA #FIXED "473">
  <!ELEMENT owner (#PCDATA)>
  <!ELEMENT details
	(description, url, address)>
  <!ELEMENT description (#PCDATA)>
  <!ELEMENT url (#PCDATA)>
  <!ELEMENT address (#PCDATA)>
  <!ELEMENT phone
	(home_phone, mobile_phone)>
  <!ELEMENT home_phone (#PCDATA)>
  <!ELEMENT mobile_phone (#PCDATA)>
  <!ELEMENT delivery 
	(min_price, deli_fee)>
  <!ELEMENT min_price (#PCDATA)>
  <!ELEMENT deli_fee (#PCDATA)>
  <!ATTLIST delivery currency CDATA "$AUD">
  <!ELEMENT goods 
	(goods_name, goods_pic)>
  <!ELEMENT goods_name (#PCDATA)>
  <!ELEMENT goods_pic (#PCDATA)>
	<!ATTLIST goods_pic goods_height CDATA #FIXED "488">
	<!ATTLIST goods_pic goods_width CDATA #FIXED "473">
  
]>

<template>
	<farm>
		<goods_type></goods_type>
		<farm_name></farm_name>
		<farm_logo></farm_logo>
		<farm_picture></farm_picture>
		<owner></owner>
		<details>
			<description></description>
			<url></url>
			<address></address>
		</details>
		<phone>
			<home_phone></home_phone>
			<mobile_phone></mobile_phone>
		</phone>
		<delivery>
				<min_price></min_price>
				<deli_fee></deli_fee>
		</delivery>
		<goods>
				<goods_name></goods_name>
				<goods_pic></goods_pic>
		</goods>
	</farm>
</template>	